what,kind,bundleId,bundleVersion,description,time
started,bundle,org.eclipse.jst.j2ee.jca,1.1.501.v201111030500,"org.eclipse.jst.j2ee.jca",1469696468917
started,bundle,org.eclipse.jst.jee,1.0.402.v201202021530,"org.eclipse.jst.jee",1469696468919
started,bundle,org.eclipse.jst.jee.ejb,1.0.301.v201007070821,"org.eclipse.jst.jee.ejb",1469696468921
started,bundle,org.eclipse.jst.jee.web,1.0.301.v201007070907,"org.eclipse.jst.jee.web",1469696468922
started,bundle,org.eclipse.xsd,2.7.1.v20120130-0943,"org.eclipse.xsd",1469696468954
started,bundle,org.eclipse.wst.common.ui,1.1.500.v200911190730,"org.eclipse.wst.common.ui",1469696469184
activated,workbench,org.eclipse.ui.workbench,3.7.1.v20120104-1859,"",1469696469312
executed,command,org.eclipse.ui,3.7.0.v20110928-1505,"org.eclipse.ui.newWizard",1469696469334
started,bundle,org.eclipse.wst.dtd.core,1.1.501.v201107252021,"org.eclipse.wst.dtd.core",1469696469423
started,bundle,org.eclipse.wst.sse.ui,1.3.2.v201201041522,"org.eclipse.wst.sse.ui",1469696469426
started,bundle,org.eclipse.wst.html.ui,1.0.602.v201202091936,"org.eclipse.wst.html.ui",1469696469426
started,bundle,org.eclipse.wst.wsdl.validation,1.1.502.v201104071820,"org.eclipse.wst.wsdl.validation",1469696469457
started,bundle,org.eclipse.wst.xsd.core,1.1.600.v201104070312,"org.eclipse.wst.xsd.core",1469696469459
started,bundle,org.eclipse.wst.xsl.core,1.1.100.v201102270516,"org.eclipse.wst.xsl.core",1469696469462
started,bundle,org.eclipse.wst.common.uriresolver,1.1.401.v201004280700,"org.eclipse.wst.common.uriresolver",1469696469547
started,bundle,org.eclipse.wst.xsl.exslt.core,1.0.0.v201005240426,"org.eclipse.wst.xsl.exslt.core",1469696469555
started,bundle,org.eclipse.wst.internet.cache,1.0.400.v201004280700,"org.eclipse.wst.internet.cache",1469696469605
deactivated,workbench,org.eclipse.ui.workbench,3.7.1.v20120104-1859,"",1469696488597
activated,view,org.eclipse.ui.views,3.6.0.v20110928-1505,"org.eclipse.ui.views.ContentOutline",1469696520976
activated,workbench,org.eclipse.ui.workbench,3.7.1.v20120104-1859,"",1469696521032
activated,view,org.eclipse.ui.navigator.resources,3.4.300.v20110928-1505,"org.eclipse.ui.navigator.ProjectExplorer",1469696522254
started,bundle,org.eclipse.wst.common.environment,1.0.400.v200912181832,"org.eclipse.wst.common.environment",1469696526731
deactivated,workbench,org.eclipse.ui.workbench,3.7.1.v20120104-1859,"",1469696526781
started,bundle,org.eclipse.emf.codegen,2.6.0.v20120130-0943,"org.eclipse.emf.codegen",1469696564401
activated,workbench,org.eclipse.ui.workbench,3.7.1.v20120104-1859,"",1469696564571
opened,editor,org.eclipse.jdt.ui,3.7.2.v20120109-1427,"org.eclipse.jdt.ui.CompilationUnitEditor",1469696564723
activated,editor,org.eclipse.jdt.ui,3.7.2.v20120109-1427,"org.eclipse.jdt.ui.CompilationUnitEditor",1469696564770
deactivated,workbench,org.eclipse.ui.workbench,3.7.1.v20120104-1859,"",1469696578842
activated,view,org.eclipse.ui.navigator.resources,3.4.300.v20110928-1505,"org.eclipse.ui.navigator.ProjectExplorer",1469696582335
activated,workbench,org.eclipse.ui.workbench,3.7.1.v20120104-1859,"",1469696582397
deactivated,workbench,org.eclipse.ui.workbench,3.7.1.v20120104-1859,"",1469696586257
activated,workbench,org.eclipse.ui.workbench,3.7.1.v20120104-1859,"",1469696814909
activated,editor,org.eclipse.jdt.ui,3.7.2.v20120109-1427,"org.eclipse.jdt.ui.CompilationUnitEditor",1469696816483
deactivated,workbench,org.eclipse.ui.workbench,3.7.1.v20120104-1859,"",1469696824033
activated,view,org.eclipse.ui.views,3.6.0.v20110928-1505,"org.eclipse.ui.views.ContentOutline",1469696903037
activated,workbench,org.eclipse.ui.workbench,3.7.1.v20120104-1859,"",1469696903105
activated,editor,org.eclipse.jdt.ui,3.7.2.v20120109-1427,"org.eclipse.jdt.ui.CompilationUnitEditor",1469696903452
executed,command,org.eclipse.ui,3.7.0.v20110928-1505,"org.eclipse.ui.file.save",1469696914452
executed,command,org.eclipse.ui,3.7.0.v20110928-1505,"org.eclipse.ui.file.save",1469696916056
deactivated,workbench,org.eclipse.ui.workbench,3.7.1.v20120104-1859,"",1469696918341
activated,view,org.eclipse.ui.views,3.6.0.v20110928-1505,"org.eclipse.ui.views.ContentOutline",1469696922065
activated,workbench,org.eclipse.ui.workbench,3.7.1.v20120104-1859,"",1469696922134
activated,editor,org.eclipse.jdt.ui,3.7.2.v20120109-1427,"org.eclipse.jdt.ui.CompilationUnitEditor",1469696923847
activated,view,org.eclipse.ui.views,3.6.0.v20110928-1505,"org.eclipse.ui.views.ContentOutline",1469696923891
activated,editor,org.eclipse.jdt.ui,3.7.2.v20120109-1427,"org.eclipse.jdt.ui.CompilationUnitEditor",1469696923906
executed,command,org.eclipse.ui,3.7.0.v20110928-1505,"org.eclipse.ui.edit.paste",1469696923907
executed,command,org.eclipse.ui,3.7.0.v20110928-1505,"org.eclipse.ui.file.save",1469696924173
executed,command,org.eclipse.ui,3.7.0.v20110928-1505,"org.eclipse.ui.edit.undo",1469696924648
executed,command,org.eclipse.ui,3.7.0.v20110928-1505,"org.eclipse.ui.edit.paste",1469696925975
executed,command,org.eclipse.ui,3.7.0.v20110928-1505,"org.eclipse.ui.file.save",1469696926744
executed,command,org.eclipse.ui,3.7.0.v20110928-1505,"org.eclipse.ui.edit.copy",1469696927591
executed,command,org.eclipse.ui,3.7.0.v20110928-1505,"org.eclipse.ui.edit.paste",1469696928759
executed,command,org.eclipse.ui,3.7.0.v20110928-1505,"org.eclipse.ui.file.save",1469696938697
executed,command,org.eclipse.ui,3.7.0.v20110928-1505,"org.eclipse.ui.edit.copy",1469696941443
executed,command,org.eclipse.ui,3.7.0.v20110928-1505,"org.eclipse.ui.edit.paste",1469696942070
executed,command,org.eclipse.ui,3.7.0.v20110928-1505,"org.eclipse.ui.file.save",1469696946839
executed,command,org.eclipse.ui,3.7.0.v20110928-1505,"org.eclipse.ui.edit.paste",1469696947993
executed,command,org.eclipse.ui,3.7.0.v20110928-1505,"org.eclipse.ui.file.save",1469696956085
executed,command,org.eclipse.ui,3.7.0.v20110928-1505,"org.eclipse.ui.file.save",1469696958647
deactivated,workbench,org.eclipse.ui.workbench,3.7.1.v20120104-1859,"",1469696960244
activated,view,org.eclipse.ui.views,3.6.0.v20110928-1505,"org.eclipse.ui.views.ContentOutline",1469696962375
activated,workbench,org.eclipse.ui.workbench,3.7.1.v20120104-1859,"",1469696962418
activated,editor,org.eclipse.jdt.ui,3.7.2.v20120109-1427,"org.eclipse.jdt.ui.CompilationUnitEditor",1469696963235
executed,command,org.eclipse.ui,3.7.0.v20110928-1505,"org.eclipse.ui.file.save",1469697005538
executed,command,org.eclipse.ui,3.7.0.v20110928-1505,"org.eclipse.ui.file.save",1469697037288
executed,command,org.eclipse.ui,3.7.0.v20110928-1505,"org.eclipse.ui.edit.copy",1469697043968
executed,command,org.eclipse.ui,3.7.0.v20110928-1505,"org.eclipse.ui.edit.paste",1469697045447
executed,command,org.eclipse.ui,3.7.0.v20110928-1505,"org.eclipse.ui.edit.delete",1469697056127
executed,command,org.eclipse.ui,3.7.0.v20110928-1505,"org.eclipse.ui.edit.delete",1469697056243
executed,command,org.eclipse.ui,3.7.0.v20110928-1505,"org.eclipse.ui.file.save",1469697056601
executed,command,org.eclipse.ui,3.7.0.v20110928-1505,"org.eclipse.ui.edit.copy",1469697058828
executed,command,org.eclipse.ui,3.7.0.v20110928-1505,"org.eclipse.ui.edit.paste",1469697060134
executed,command,org.eclipse.ui,3.7.0.v20110928-1505,"org.eclipse.ui.edit.paste",1469697060446
executed,command,org.eclipse.ui,3.7.0.v20110928-1505,"org.eclipse.ui.file.save",1469697061299
executed,command,org.eclipse.ui,3.7.0.v20110928-1505,"org.eclipse.ui.file.save",1469697071848
executed,command,org.eclipse.ui,3.7.0.v20110928-1505,"org.eclipse.ui.edit.copy",1469697075491
executed,command,org.eclipse.ui,3.7.0.v20110928-1505,"org.eclipse.ui.edit.paste",1469697076909
executed,command,org.eclipse.ui,3.7.0.v20110928-1505,"org.eclipse.ui.edit.paste",1469697077150
executed,command,org.eclipse.ui,3.7.0.v20110928-1505,"org.eclipse.ui.edit.copy",1469697079313
executed,command,org.eclipse.ui,3.7.0.v20110928-1505,"org.eclipse.ui.edit.paste",1469697080159
executed,command,org.eclipse.ui,3.7.0.v20110928-1505,"org.eclipse.ui.edit.copy",1469697081029
executed,command,org.eclipse.ui,3.7.0.v20110928-1505,"org.eclipse.ui.edit.paste",1469697082535
executed,command,org.eclipse.ui,3.7.0.v20110928-1505,"org.eclipse.ui.edit.copy",1469697084130
executed,command,org.eclipse.ui,3.7.0.v20110928-1505,"org.eclipse.ui.edit.copy",1469697085719
executed,command,org.eclipse.ui,3.7.0.v20110928-1505,"org.eclipse.ui.edit.paste",1469697086806
executed,command,org.eclipse.ui,3.7.0.v20110928-1505,"org.eclipse.ui.edit.copy",1469697090363
executed,command,org.eclipse.ui,3.7.0.v20110928-1505,"org.eclipse.ui.edit.paste",1469697091358
executed,command,org.eclipse.ui,3.7.0.v20110928-1505,"org.eclipse.ui.file.save",1469697091591
executed,command,org.eclipse.ui,3.7.0.v20110928-1505,"org.eclipse.ui.edit.cut",1469697099282
executed,command,org.eclipse.ui,3.7.0.v20110928-1505,"org.eclipse.ui.edit.paste",1469697100263
executed,command,org.eclipse.ui,3.7.0.v20110928-1505,"org.eclipse.ui.edit.text.contentAssist.proposals",1469697106123
executed,command,org.eclipse.ui,3.7.0.v20110928-1505,"org.eclipse.ui.file.save",1469697122830
executed,command,org.eclipse.ui,3.7.0.v20110928-1505,"org.eclipse.ui.file.save",1469697123980
executed,command,org.eclipse.ui,3.7.0.v20110928-1505,"org.eclipse.ui.edit.copy",1469697129871
executed,command,org.eclipse.ui,3.7.0.v20110928-1505,"org.eclipse.ui.edit.paste",1469697131425
executed,command,org.eclipse.ui,3.7.0.v20110928-1505,"org.eclipse.ui.file.save",1469697139004
executed,command,org.eclipse.ui,3.7.0.v20110928-1505,"org.eclipse.ui.file.save",1469697153557
executed,command,org.eclipse.ui,3.7.0.v20110928-1505,"org.eclipse.ui.edit.copy",1469697158149
executed,command,org.eclipse.ui,3.7.0.v20110928-1505,"org.eclipse.ui.edit.paste",1469697159665
executed,command,org.eclipse.ui,3.7.0.v20110928-1505,"org.eclipse.ui.file.save",1469697160253
executed,command,org.eclipse.ui,3.7.0.v20110928-1505,"org.eclipse.ui.edit.paste",1469697163577
executed,command,org.eclipse.ui,3.7.0.v20110928-1505,"org.eclipse.ui.edit.copy",1469697165282
executed,command,org.eclipse.ui,3.7.0.v20110928-1505,"org.eclipse.ui.edit.paste",1469697166361
executed,command,org.eclipse.ui,3.7.0.v20110928-1505,"org.eclipse.ui.edit.copy",1469697175688
executed,command,org.eclipse.ui,3.7.0.v20110928-1505,"org.eclipse.ui.edit.paste",1469697176506
executed,command,org.eclipse.ui,3.7.0.v20110928-1505,"org.eclipse.ui.file.save",1469697198611
executed,command,org.eclipse.ui,3.7.0.v20110928-1505,"org.eclipse.ui.file.save",1469697203290
deactivated,workbench,org.eclipse.ui.workbench,3.7.1.v20120104-1859,"",1469697205432
activated,view,org.eclipse.ui.views,3.6.0.v20110928-1505,"org.eclipse.ui.views.ContentOutline",1469697224994
activated,workbench,org.eclipse.ui.workbench,3.7.1.v20120104-1859,"",1469697225081
deactivated,workbench,org.eclipse.ui.workbench,3.7.1.v20120104-1859,"",1469697226653
activated,workbench,org.eclipse.ui.workbench,3.7.1.v20120104-1859,"",1469697228200
activated,editor,org.eclipse.jdt.ui,3.7.2.v20120109-1427,"org.eclipse.jdt.ui.CompilationUnitEditor",1469697230534
executed,command,org.eclipse.ui,3.7.0.v20110928-1505,"org.eclipse.ui.edit.paste",1469697232367
executed,command,org.eclipse.ui,3.7.0.v20110928-1505,"org.eclipse.ui.edit.copy",1469697243076
executed,command,org.eclipse.ui,3.7.0.v20110928-1505,"org.eclipse.ui.edit.paste",1469697244278
executed,command,org.eclipse.ui,3.7.0.v20110928-1505,"org.eclipse.ui.edit.cut",1469697246420
executed,command,org.eclipse.ui,3.7.0.v20110928-1505,"org.eclipse.ui.edit.paste",1469697247158
executed,command,org.eclipse.ui,3.7.0.v20110928-1505,"org.eclipse.ui.edit.copy",1469697248150
executed,command,org.eclipse.ui,3.7.0.v20110928-1505,"org.eclipse.ui.edit.paste",1469697250567
executed,command,org.eclipse.ui,3.7.0.v20110928-1505,"org.eclipse.ui.edit.copy",1469697252146
executed,command,org.eclipse.ui,3.7.0.v20110928-1505,"org.eclipse.ui.edit.paste",1469697253422
executed,command,org.eclipse.ui.workbench.texteditor,3.7.0.v20110928-1504,"org.eclipse.ui.edit.text.delete.line",1469697254227
executed,command,org.eclipse.ui.workbench.texteditor,3.7.0.v20110928-1504,"org.eclipse.ui.edit.text.delete.line",1469697254421
executed,command,org.eclipse.ui.workbench.texteditor,3.7.0.v20110928-1504,"org.eclipse.ui.edit.text.delete.line",1469697254604
executed,command,org.eclipse.ui,3.7.0.v20110928-1505,"org.eclipse.ui.file.save",1469697255401
executed,command,org.eclipse.ui,3.7.0.v20110928-1505,"org.eclipse.ui.file.save",1469697262232
executed,command,org.eclipse.ui.workbench.texteditor,3.7.0.v20110928-1504,"org.eclipse.ui.edit.text.delete.line",1469697264692
executed,command,org.eclipse.ui,3.7.0.v20110928-1505,"org.eclipse.ui.file.save",1469697264847
deactivated,workbench,org.eclipse.ui.workbench,3.7.1.v20120104-1859,"",1469697269469
activated,view,org.eclipse.ui.navigator.resources,3.4.300.v20110928-1505,"org.eclipse.ui.navigator.ProjectExplorer",1469697296745
activated,workbench,org.eclipse.ui.workbench,3.7.1.v20120104-1859,"",1469697296832
started,bundle,org.eclipse.wst.xml.ui,1.1.202.v201112071516,"org.eclipse.wst.xml.ui",1469697300841
started,bundle,org.eclipse.wst.dtd.ui,1.0.600.v201103171359,"org.eclipse.wst.dtd.ui",1469697301043
started,bundle,org.eclipse.wst.xsl.ui,1.1.200.v201103082057,"org.eclipse.wst.xsl.ui",1469697301061
opened,editor,org.eclipse.wst.xml.ui,1.1.202.v201112071516,"org.eclipse.wst.xml.ui.internal.tabletree.XMLMultiPageEditorPart",1469697301084
activated,editor,org.eclipse.wst.xml.ui,1.1.202.v201112071516,"org.eclipse.wst.xml.ui.internal.tabletree.XMLMultiPageEditorPart",1469697301131
deactivated,workbench,org.eclipse.ui.workbench,3.7.1.v20120104-1859,"",1469697331082
activated,workbench,org.eclipse.ui.workbench,3.7.1.v20120104-1859,"",1469697344022
deactivated,workbench,org.eclipse.ui.workbench,3.7.1.v20120104-1859,"",1469697352242
activated,workbench,org.eclipse.ui.workbench,3.7.1.v20120104-1859,"",1469697373711
executed,command,org.eclipse.ui,3.7.0.v20110928-1505,"org.eclipse.ui.edit.paste",1469697377177
activated,view,org.eclipse.ui.navigator.resources,3.4.300.v20110928-1505,"org.eclipse.ui.navigator.ProjectExplorer",1469697380160
activated,editor,org.eclipse.wst.xml.ui,1.1.202.v201112071516,"org.eclipse.wst.xml.ui.internal.tabletree.XMLMultiPageEditorPart",1469697382056
executed,command,org.eclipse.ui,3.7.0.v20110928-1505,"org.eclipse.ui.file.save",1469697387892
deactivated,workbench,org.eclipse.ui.workbench,3.7.1.v20120104-1859,"",1469697395072
activated,view,org.eclipse.ui.navigator.resources,3.4.300.v20110928-1505,"org.eclipse.ui.navigator.ProjectExplorer",1469697418611
activated,workbench,org.eclipse.ui.workbench,3.7.1.v20120104-1859,"",1469697418716
started,bundle,org.eclipse.wst.html.core,1.1.502.v201202091936,"org.eclipse.wst.html.core",1469697421232
started,bundle,org.eclipse.wst.css.core,1.1.501.v201111292150,"org.eclipse.wst.css.core",1469697421262
started,bundle,org.eclipse.wst.jsdt.web.ui,1.0.401.v201108152113,"org.eclipse.wst.jsdt.web.ui",1469697421271
started,bundle,org.eclipse.wst.css.ui,1.0.601.v201201101544,"org.eclipse.wst.css.ui",1469697421276
started,bundle,org.eclipse.wst.jsdt.web.core,1.0.401.v201108152113,"org.eclipse.wst.jsdt.web.core",1469697421294
deactivated,workbench,org.eclipse.ui.workbench,3.7.1.v20120104-1859,"",1469697421417
activated,workbench,org.eclipse.ui.workbench,3.7.1.v20120104-1859,"",1469697435374
started,bundle,org.eclipse.wst.jsdt.web.support.jsp,1.0.400.v201102241833,"org.eclipse.wst.jsdt.web.support.jsp",1469697435456
opened,editor,org.eclipse.jst.jsp.ui,1.1.602.v201112071516,"org.eclipse.jst.jsp.core.jspsource.source",1469697435504
started,bundle,org.eclipse.wst.jsdt.debug.ui,1.0.101.v201201112313,"org.eclipse.wst.jsdt.debug.ui",1469697435547
activated,editor,org.eclipse.jst.jsp.ui,1.1.602.v201112071516,"org.eclipse.jst.jsp.core.jspsource.source",1469697435548
activated,editor,org.eclipse.jdt.ui,3.7.2.v20120109-1427,"org.eclipse.jdt.ui.CompilationUnitEditor",1469697441286
executed,command,org.eclipse.ui,3.7.0.v20110928-1505,"org.eclipse.ui.file.save",1469697444881
activated,editor,org.eclipse.jst.jsp.ui,1.1.602.v201112071516,"org.eclipse.jst.jsp.core.jspsource.source",1469697446559
executed,command,org.eclipse.ui,3.7.0.v20110928-1505,"org.eclipse.ui.file.save",1469697459338
deactivated,workbench,org.eclipse.ui.workbench,3.7.1.v20120104-1859,"",1469697463990
activated,workbench,org.eclipse.ui.workbench,3.7.1.v20120104-1859,"",1469697486575
deactivated,workbench,org.eclipse.ui.workbench,3.7.1.v20120104-1859,"",1469697489116
activated,view,org.eclipse.ui.navigator.resources,3.4.300.v20110928-1505,"org.eclipse.ui.navigator.ProjectExplorer",1469697490847
activated,workbench,org.eclipse.ui.workbench,3.7.1.v20120104-1859,"",1469697490911
activated,editor,org.eclipse.jst.jsp.ui,1.1.602.v201112071516,"org.eclipse.jst.jsp.core.jspsource.source",1469697493178
executed,command,org.eclipse.ui,3.7.0.v20110928-1505,"org.eclipse.ui.edit.paste",1469697494093
executed,command,org.eclipse.ui,3.7.0.v20110928-1505,"org.eclipse.ui.file.save",1469697494491
started,bundle,org.eclipse.jst.jsf.ui,1.3.2.v201104251204,"org.eclipse.jst.jsf.ui",1469697494508
started,bundle,org.eclipse.jst.jsf.facelet.ui,1.0.1.v201104032306,"org.eclipse.jst.jsf.facelet.ui",1469697494518
executed,command,org.eclipse.ui,3.7.0.v20110928-1505,"org.eclipse.ui.file.save",1469697498789
executed,command,org.eclipse.ui,3.7.0.v20110928-1505,"org.eclipse.ui.file.save",1469697507089
executed,command,org.eclipse.ui,3.7.0.v20110928-1505,"org.eclipse.ui.file.save",1469697510036
executed,command,org.eclipse.ui,3.7.0.v20110928-1505,"org.eclipse.ui.file.save",1469697516460
executed,command,org.eclipse.ui,3.7.0.v20110928-1505,"org.eclipse.ui.file.save",1469697520591
executed,command,org.eclipse.ui,3.7.0.v20110928-1505,"org.eclipse.ui.edit.copy",1469697524886
executed,command,org.eclipse.ui,3.7.0.v20110928-1505,"org.eclipse.ui.edit.copy",1469697526534
activated,editor,org.eclipse.wst.xml.ui,1.1.202.v201112071516,"org.eclipse.wst.xml.ui.internal.tabletree.XMLMultiPageEditorPart",1469697527735
activated,editor,org.eclipse.jdt.ui,3.7.2.v20120109-1427,"org.eclipse.jdt.ui.CompilationUnitEditor",1469697529458
deactivated,workbench,org.eclipse.ui.workbench,3.7.1.v20120104-1859,"",1469697531323
activated,workbench,org.eclipse.ui.workbench,3.7.1.v20120104-1859,"",1469697546116
activated,editor,org.eclipse.jst.jsp.ui,1.1.602.v201112071516,"org.eclipse.jst.jsp.core.jspsource.source",1469697546976
activated,editor,org.eclipse.wst.xml.ui,1.1.202.v201112071516,"org.eclipse.wst.xml.ui.internal.tabletree.XMLMultiPageEditorPart",1469697548486
activated,editor,org.eclipse.jdt.ui,3.7.2.v20120109-1427,"org.eclipse.jdt.ui.CompilationUnitEditor",1469697550056
deactivated,workbench,org.eclipse.ui.workbench,3.7.1.v20120104-1859,"",1469697552665
activated,workbench,org.eclipse.ui.workbench,3.7.1.v20120104-1859,"",1469697555951
executed,command,org.eclipse.ui,3.7.0.v20110928-1505,"org.eclipse.ui.edit.paste",1469697560031
executed,command,org.eclipse.ui,3.7.0.v20110928-1505,"org.eclipse.ui.edit.copy",1469697563340
executed,command,org.eclipse.ui,3.7.0.v20110928-1505,"org.eclipse.ui.edit.paste",1469697564166
executed,command,org.eclipse.ui,3.7.0.v20110928-1505,"org.eclipse.ui.file.save",1469697569924
executed,command,org.eclipse.ui,3.7.0.v20110928-1505,"org.eclipse.ui.file.save",1469697582655
deactivated,workbench,org.eclipse.ui.workbench,3.7.1.v20120104-1859,"",1469697586447
activated,view,org.eclipse.ui.navigator.resources,3.4.300.v20110928-1505,"org.eclipse.ui.navigator.ProjectExplorer",1469697605900
activated,workbench,org.eclipse.ui.workbench,3.7.1.v20120104-1859,"",1469697605979
activated,editor,org.eclipse.jdt.ui,3.7.2.v20120109-1427,"org.eclipse.jdt.ui.CompilationUnitEditor",1469697607304
activated,view,org.eclipse.ui.navigator.resources,3.4.300.v20110928-1505,"org.eclipse.ui.navigator.ProjectExplorer",1469697611261
executed,command,org.eclipse.ui,3.7.0.v20110928-1505,"org.eclipse.ui.views.showView",1469697611263
deactivated,workbench,org.eclipse.ui.workbench,3.7.1.v20120104-1859,"",1469697613197
activated,workbench,org.eclipse.ui.workbench,3.7.1.v20120104-1859,"",1469697619243
deactivated,workbench,org.eclipse.ui.workbench,3.7.1.v20120104-1859,"",1469697620366
activated,workbench,org.eclipse.ui.workbench,3.7.1.v20120104-1859,"",1469697623552
deactivated,workbench,org.eclipse.ui.workbench,3.7.1.v20120104-1859,"",1469697629526
activated,workbench,org.eclipse.ui.workbench,3.7.1.v20120104-1859,"",1469697630883
deactivated,workbench,org.eclipse.ui.workbench,3.7.1.v20120104-1859,"",1469697650693
activated,workbench,org.eclipse.ui.workbench,3.7.1.v20120104-1859,"",1469697707096
activated,editor,org.eclipse.jdt.ui,3.7.2.v20120109-1427,"org.eclipse.jdt.ui.CompilationUnitEditor",1469697709819
executed,command,org.eclipse.jdt.ui,3.7.2.v20120109-1427,"org.eclipse.jdt.ui.edit.text.java.toggle.comment",1469697714789
executed,command,org.eclipse.jdt.ui,3.7.2.v20120109-1427,"org.eclipse.jdt.ui.edit.text.java.toggle.comment",1469697715680
executed,command,org.eclipse.ui,3.7.0.v20110928-1505,"org.eclipse.ui.file.save",1469697716926
deactivated,workbench,org.eclipse.ui.workbench,3.7.1.v20120104-1859,"",1469697728377
activated,view,org.eclipse.ui.navigator.resources,3.4.300.v20110928-1505,"org.eclipse.ui.navigator.ProjectExplorer",1469697757548
activated,workbench,org.eclipse.ui.workbench,3.7.1.v20120104-1859,"",1469697757621
opened,view,org.eclipse.wst.server.ui,1.3.0.v20120210_1439,"org.eclipse.wst.server.ui.ServersView",1469697758528
activated,view,org.eclipse.wst.server.ui,1.3.0.v20120210_1439,"org.eclipse.wst.server.ui.ServersView",1469697758539
deactivated,workbench,org.eclipse.ui.workbench,3.7.1.v20120104-1859,"",1469697760588
activated,workbench,org.eclipse.ui.workbench,3.7.1.v20120104-1859,"",1469697780929
executed,command,org.eclipse.wst.server.ui,1.3.0.v20120210_1439,"org.eclipse.wst.server.run",1469697784661
opened,view,org.eclipse.ui.console,3.5.100.v20111007_r372,"org.eclipse.ui.console.ConsoleView",1469697785421
activated,view,org.eclipse.ui.console,3.5.100.v20111007_r372,"org.eclipse.ui.console.ConsoleView",1469697785439
activated,view,org.eclipse.wst.server.ui,1.3.0.v20120210_1439,"org.eclipse.wst.server.ui.ServersView",1469697787139
opened,editor,org.eclipse.wst.server.ui,1.3.0.v20120210_1439,"org.eclipse.wst.server.ui.editor",1469697794967
activated,editor,org.eclipse.wst.server.ui,1.3.0.v20120210_1439,"org.eclipse.wst.server.ui.editor",1469697795003
executed,command,org.eclipse.jdt.ui,3.7.2.v20120109-1427,"org.eclipse.jdt.ui.edit.text.java.open.editor",1469697795008
activated,editor,org.eclipse.jdt.ui,3.7.2.v20120109-1427,"org.eclipse.jdt.ui.CompilationUnitEditor",1469697799838
closed,editor,org.eclipse.wst.server.ui,1.3.0.v20120210_1439,"org.eclipse.wst.server.ui.editor",1469697799838
deactivated,workbench,org.eclipse.ui.workbench,3.7.1.v20120104-1859,"",1469697802541
activated,workbench,org.eclipse.ui.workbench,3.7.1.v20120104-1859,"",1469697825347
activated,view,org.eclipse.wst.server.ui,1.3.0.v20120210_1439,"org.eclipse.wst.server.ui.ServersView",1469697827533
deactivated,workbench,org.eclipse.ui.workbench,3.7.1.v20120104-1859,"",1469697838949
activated,workbench,org.eclipse.ui.workbench,3.7.1.v20120104-1859,"",1469697844167
executed,command,org.eclipse.wst.server.ui,1.3.0.v20120210_1439,"org.eclipse.wst.server.publish",1469697848999
deactivated,workbench,org.eclipse.ui.workbench,3.7.1.v20120104-1859,"",1469697851036
activated,workbench,org.eclipse.ui.workbench,3.7.1.v20120104-1859,"",1469697876213
deactivated,workbench,org.eclipse.ui.workbench,3.7.1.v20120104-1859,"",1469697878889
activated,workbench,org.eclipse.ui.workbench,3.7.1.v20120104-1859,"",1469697880058
deactivated,workbench,org.eclipse.ui.workbench,3.7.1.v20120104-1859,"",1469697880095
activated,workbench,org.eclipse.ui.workbench,3.7.1.v20120104-1859,"",1469697880383
executed,command,org.eclipse.ui,3.7.0.v20110928-1505,"org.eclipse.ui.edit.delete",1469697880386
executed,command,org.eclipse.wst.server.ui,1.3.0.v20120210_1439,"org.eclipse.wst.server.run",1469697885413
activated,view,org.eclipse.ui.console,3.5.100.v20111007_r372,"org.eclipse.ui.console.ConsoleView",1469697885785
activated,view,org.eclipse.wst.server.ui,1.3.0.v20120210_1439,"org.eclipse.wst.server.ui.ServersView",1469697887799
activated,view,org.eclipse.ui.console,3.5.100.v20111007_r372,"org.eclipse.ui.console.ConsoleView",1469697887938
activated,view,org.eclipse.wst.server.ui,1.3.0.v20120210_1439,"org.eclipse.wst.server.ui.ServersView",1469697888132
activated,view,org.eclipse.ui.console,3.5.100.v20111007_r372,"org.eclipse.ui.console.ConsoleView",1469697888471
activated,view,org.eclipse.wst.server.ui,1.3.0.v20120210_1439,"org.eclipse.wst.server.ui.ServersView",1469697890209
deactivated,workbench,org.eclipse.ui.workbench,3.7.1.v20120104-1859,"",1469697895218
activated,workbench,org.eclipse.ui.workbench,3.7.1.v20120104-1859,"",1469697906111
deactivated,workbench,org.eclipse.ui.workbench,3.7.1.v20120104-1859,"",1469697909241
activated,workbench,org.eclipse.ui.workbench,3.7.1.v20120104-1859,"",1469697923270
executed,command,org.eclipse.ui,3.7.0.v20110928-1505,"org.eclipse.ui.file.properties",1469697923296
executed,command,org.eclipse.wst.server.ui,1.3.0.v20120210_1439,"org.eclipse.wst.server.run",1469697926380
activated,view,org.eclipse.ui.console,3.5.100.v20111007_r372,"org.eclipse.ui.console.ConsoleView",1469697926777
activated,view,org.eclipse.wst.server.ui,1.3.0.v20120210_1439,"org.eclipse.wst.server.ui.ServersView",1469697928822
activated,view,org.eclipse.ui.console,3.5.100.v20111007_r372,"org.eclipse.ui.console.ConsoleView",1469697928943
activated,view,org.eclipse.wst.server.ui,1.3.0.v20120210_1439,"org.eclipse.wst.server.ui.ServersView",1469697931094
activated,view,org.eclipse.ui.console,3.5.100.v20111007_r372,"org.eclipse.ui.console.ConsoleView",1469697933114
deactivated,workbench,org.eclipse.ui.workbench,3.7.1.v20120104-1859,"",1469697941707
executed,command,org.eclipse.ui,3.7.0.v20110928-1505,"org.eclipse.ui.edit.findReplace",1469697941722
activated,workbench,org.eclipse.ui.workbench,3.7.1.v20120104-1859,"",1469697955412
deactivated,workbench,org.eclipse.ui.workbench,3.7.1.v20120104-1859,"",1469697957719
activated,workbench,org.eclipse.ui.workbench,3.7.1.v20120104-1859,"",1469697960373
activated,view,org.eclipse.wst.server.ui,1.3.0.v20120210_1439,"org.eclipse.wst.server.ui.ServersView",1469697963846
opened,editor,org.eclipse.wst.server.ui,1.3.0.v20120210_1439,"org.eclipse.wst.server.ui.editor",1469697967426
activated,editor,org.eclipse.wst.server.ui,1.3.0.v20120210_1439,"org.eclipse.wst.server.ui.editor",1469697967457
deactivated,workbench,org.eclipse.ui.workbench,3.7.1.v20120104-1859,"",1469697976175
activated,workbench,org.eclipse.ui.workbench,3.7.1.v20120104-1859,"",1469697982068
activated,view,org.eclipse.ui.console,3.5.100.v20111007_r372,"org.eclipse.ui.console.ConsoleView",1469697987472
deactivated,workbench,org.eclipse.ui.workbench,3.7.1.v20120104-1859,"",1469697989575
activated,workbench,org.eclipse.ui.workbench,3.7.1.v20120104-1859,"",1469697991817
activated,editor,org.eclipse.wst.server.ui,1.3.0.v20120210_1439,"org.eclipse.wst.server.ui.editor",1469697997801
deactivated,workbench,org.eclipse.ui.workbench,3.7.1.v20120104-1859,"",1469698003015
activated,workbench,org.eclipse.ui.workbench,3.7.1.v20120104-1859,"",1469698008123
